{
    "Profiles": [
        {
            "Use Non-ASCII Font": false,
            "Tags": [],
            "Ansi 12 Color": {
                "Green Component": 0.7367095351219177,
                "Red Component": 0.4360451102256775,
                "Blue Component": 0.886829674243927
            },
            "Ansi 6 Color": {
                "Green Component": 0.6684063673019409,
                "Red Component": 0.3958469033241272,
                "Blue Component": 0.6866282820701599
            },
            "Normal Font": "JetBrainsMonoNerdFontCompleteM-Regular 14",
            "Bold Color": {
                "Green Component": 0,
                "Red Component": 0.8799142241477966,
                "Blue Component": 0.11046011745929718
            },
            "Ansi 3 Color": {
                "Green Component": 0.721458375453949,
                "Red Component": 0.856088399887085,
                "Blue Component": 0.32444700598716736
            },
            "Ansi 4 Color": {
                "Green Component": 0.6228619813919067,
                "Red Component": 0.26641151309013367,
                "Blue Component": 0.8152990341186523
            },
            "Ansi 5 Color": {
                "Green Component": 0.3836597502231598,
                "Red Component": 0.8541091680526733,
                "Blue Component": 0.863140881061554
            },
            "Rows": 45,
            "Default Bookmark": "No",
            "Cursor Guide Color": {
                "Red Component": 0.65,
                "Color Space": "Calibrated",
                "Blue Component": 1,
                "Alpha Component": 0.25,
                "Green Component": 0.91
            },
            "Non-ASCII Anti Aliased": true,
            "Use Bright Bold": true,
            "Ansi 10 Color": {
                "Green Component": 0.800662636756897,
                "Red Component": 0.6382455229759216,
                "Blue Component": 0.6337430477142334
            },
            "Ambiguous Double Width": false,
            "Jobs to Ignore": [
                "rlogin",
                "ssh",
                "slogin",
                "telnet"
            ],
            "Ansi 15 Color": {
                "Green Component": 0.8732393980026245,
                "Red Component": 0.8732655644416809,
                "Blue Component": 0.8732542395591736
            },
            "Foreground Color": {
                "Green Component": 0.7834189534187317,
                "Red Component": 0.7834423780441284,
                "Blue Component": 0.7834322452545166
            },
            "Working Directory": "/Users/jason",
            "Blinking Cursor": false,
            "Disable Window Resizing": true,
            "Sync Title": false,
            "Prompt Before Closing 2": false,
            "BM Growl": true,
            "Command": "",
            "Description": "Default",
            "Space": -1,
            "Mouse Reporting": true,
            "Screen": -1,
            "Selection Color": {
                "Green Component": 0.9019607843137255,
                "Red Component": 0.9019607843137255,
                "Blue Component": 0.9019607843137255
            },
            "Columns": 80,
            "Idle Code": 0,
            "Ansi 13 Color": {
                "Green Component": 0.5263131260871887,
                "Red Component": 0.8987822532653809,
                "Blue Component": 0.9064863920211792
            },
            "Custom Command": "No",
            "ASCII Anti Aliased": true,
            "Non Ascii Font": "Monaco 12",
            "Vertical Spacing": 1,
            "Use Bold Font": true,
            "Option Key Sends": 0,
            "Selected Text Color": {
                "Green Component": 0,
                "Red Component": 0,
                "Blue Component": 0
            },
            "Background Color": {
                "Green Component": 0,
                "Red Component": 0,
                "Blue Component": 0
            },
            "Character Encoding": 4,
            "Ansi 11 Color": {
                "Green Component": 0.89288330078125,
                "Red Component": 0.8834950923919678,
                "Blue Component": 0.5310782194137573
            },
            "Use Italic Font": true,
            "Unlimited Scrollback": false,
            "Keyboard Map": {
                "0xf700-0x260000": {
                    "Text": "[1;6A",
                    "Action": 10
                },
                "0x37-0x40000": {
                    "Text": "0x1f",
                    "Action": 11
                },
                "0x32-0x40000": {
                    "Text": "0x00",
                    "Action": 11
                },
                "0xf709-0x20000": {
                    "Text": "[17;2~",
                    "Action": 10
                },
                "0xf70c-0x20000": {
                    "Text": "[20;2~",
                    "Action": 10
                },
                "0xf729-0x20000": {
                    "Text": "[1;2H",
                    "Action": 10
                },
                "0xf72b-0x40000": {
                    "Text": "[1;5F",
                    "Action": 10
                },
                "0xf705-0x20000": {
                    "Text": "[1;2Q",
                    "Action": 10
                },
                "0xf703-0x260000": {
                    "Text": "[1;6C",
                    "Action": 10
                },
                "0xf700-0x220000": {
                    "Text": "[1;2A",
                    "Action": 10
                },
                "0xf701-0x280000": {
                    "Text": "0x1b 0x1b 0x5b 0x42",
                    "Action": 11
                },
                "0x38-0x40000": {
                    "Text": "0x7f",
                    "Action": 11
                },
                "0x33-0x40000": {
                    "Text": "0x1b",
                    "Action": 11
                },
                "0xf703-0x220000": {
                    "Text": "[1;2C",
                    "Action": 10
                },
                "0xf701-0x240000": {
                    "Text": "[1;5B",
                    "Action": 10
                },
                "0xf70d-0x20000": {
                    "Text": "[21;2~",
                    "Action": 10
                },
                "0xf702-0x260000": {
                    "Text": "[1;6D",
                    "Action": 10
                },
                "0xf729-0x40000": {
                    "Text": "[1;5H",
                    "Action": 10
                },
                "0xf706-0x20000": {
                    "Text": "[1;2R",
                    "Action": 10
                },
                "0x34-0x40000": {
                    "Text": "0x1c",
                    "Action": 11
                },
                "0xf700-0x280000": {
                    "Text": "0x1b 0x1b 0x5b 0x41",
                    "Action": 11
                },
                "0x2d-0x40000": {
                    "Text": "0x1f",
                    "Action": 11
                },
                "0xf70e-0x20000": {
                    "Text": "[23;2~",
                    "Action": 10
                },
                "0xf702-0x220000": {
                    "Text": "[1;2D",
                    "Action": 10
                },
                "0xf703-0x280000": {
                    "Text": "0x1b 0x1b 0x5b 0x43",
                    "Action": 11
                },
                "0xf700-0x240000": {
                    "Text": "[1;5A",
                    "Action": 10
                },
                "0xf707-0x20000": {
                    "Text": "[1;2S",
                    "Action": 10
                },
                "0xf70a-0x20000": {
                    "Text": "[18;2~",
                    "Action": 10
                },
                "0x35-0x40000": {
                    "Text": "0x1d",